,pickle,csv,feather,parquet
read,26.765841926400018,49.266218090200155,2.5164044364002622,5.0409640728
size,2100401603.0,3027582216.0,1205214418.0,1013993442.0
write,82.2104976757997,213.1501547094,22.267469402799907,25.167232936999994
