,csv,feather,parquet,hdf_table,hdf_fixed,pickle
read,54.42820052699972,2.5603091626002423,14.53965152919991,0.7276252722003846,7.420287232400369,1.094969929400031
write,396.2201999104003,26.2847241710002,32.060316877400325,25.980892609400325,26.578756757600786,25.968840635999733
size,3854579251.0,1601000410.0,2026791122.0,1601034405.0,1600821192.0,1600022946.0
